HITId,HITTypeId,Title,Description,Keywords,Reward,CreationTime,MaxAssignments,RequesterAnnotation,AssignmentDurationInSeconds,AutoApprovalDelayInSeconds,Expiration,NumberOfSimilarHITs,LifetimeInSeconds,AssignmentId,WorkerId,AssignmentStatus,AcceptTime,SubmitTime,AutoApprovalTime,ApprovalTime,RejectionTime,RequesterFeedback,WorkTimeInSeconds,Input.lang,Answer.city,Answer.answer4,Answer.region,Answer.answer10,Answer.answer5,Answer.browserInfo,Answer.country,Answer.answer6,Answer.answer7,Answer.ipAddress,Answer.answer8,Answer.answer9,Answer.userDisplayLanguage,Answer.lang,Answer.answer1,Answer.answer2,Answer.answer3,Approve,Reject
ZW5ZTSC3FVSZTXZXMZB0,AGCZJBZ0TWM6YVS1SX10,Listening puzzle,Listen to a strange language for a few minutes -- after a while you may be able to recognize the words,"language, sound, listening, game",$0.50 ,Mon Jan 11 17:33:24 GMT 2010,3,,3600,86400,Tue Jan 12 17:33:24 GMT 2010,0,,ZW5ZTSC3FVSZTXZXMZB09AYCT2Z9KY6RK1MEDTX0,1,Rejected,Mon Jan 11 17:58:19 GMT 2010,Mon Jan 11 18:01:58 GMT 2010,Tue Jan 12 18:01:58 GMT 2010,,2010/01/11 19:04:40 +0000,,219,1,Bangalore,0,Karnataka,0,0,Mozilla/5.0 (Windows; U; Windows NT 5.1; en-US; rv:1.9.0.17) Gecko/2009122116 (CK-IBM) Firefox/3.0.17,India,0,0,122.167.111.153,0,0,en-US,1,0,0,0,,
ZW5ZTSC3FVSZTXZXMZB0,AGCZJBZ0TWM6YVS1SX10,Listening puzzle,Listen to a strange language for a few minutes -- after a while you may be able to recognize the words,"language, sound, listening, game",$0.50 ,Mon Jan 11 17:33:24 GMT 2010,3,,3600,86400,Tue Jan 12 17:33:24 GMT 2010,0,,ZW5ZTSC3FVSZTXZXMZB0FG2GZM8Z7ZTZV1Y338GZ,2,Approved,Mon Jan 11 17:59:50 GMT 2010,Mon Jan 11 18:06:04 GMT 2010,Tue Jan 12 18:06:04 GMT 2010,2010/01/11 19:19:06 +0000,,,374,1,Schaumburg,1101010110,Illinois,1110101101,110101010,Mozilla/5.0 (Windows; U; Windows NT 6.0; en-US; rv:1.9.1.7) Gecko/20091221 Firefox/3.5.7 (.NET CLR 3.5.30729),United States,1101101110,110011101,76.189.226.230,1110101101,10110110110,en-US,1,1101001010,110011100,1101010110,,
ZW5ZTSC3FVSZTXZXMZB0,AGCZJBZ0TWM6YVS1SX10,Listening puzzle,Listen to a strange language for a few minutes -- after a while you may be able to recognize the words,"language, sound, listening, game",$0.50 ,Mon Jan 11 17:33:24 GMT 2010,3,,3600,86400,Tue Jan 12 17:33:24 GMT 2010,0,,ZW5ZTSC3FVSZTXZXMZB0HX92MK0YBVPZXJZEH000,3,Approved,Mon Jan 11 18:20:07 GMT 2010,Mon Jan 11 18:24:30 GMT 2010,Tue Jan 12 18:24:30 GMT 2010,2010/01/11 19:19:06 +0000,,,263,1,Tualatin,1010100010,Oregon,1010101100,10101100,Mozilla/5.0 (Windows; U; Windows NT 5.1; en-US; rv:1.9.1.7) Gecko/20091221 Firefox/3.5.7 (.NET CLR 3.5.30729),United States,1101110010,10101100,76.27.250.178,1010101100,10100010,en-US,1,100101010,10101000,1100100010,,
1ZNZN4YX4XN4J6Y5BS9Z,AGCZJBZ0TWM6YVS1SX10,Listening puzzle,Listen to a strange language for a few minutes -- after a while you may be able to recognize the words,"language, sound, listening, game",$0.50 ,Mon Jan 11 17:33:24 GMT 2010,3,,3600,86400,Tue Jan 12 17:33:24 GMT 2010,5,,1ZNZN4YX4XN4J6Y5BS9ZAXD8R8537B5ZZJZDX310,4,Approved,Mon Jan 11 17:49:13 GMT 2010,Mon Jan 11 17:58:09 GMT 2010,Tue Jan 12 17:58:09 GMT 2010,2010/01/11 19:19:06 +0000,,,536,2,Orlando,1010101010,Florida,1010101010,1010101010,Mozilla/5.0 (Windows; U; Windows NT 6.0; en-US; rv:1.9.1.7) Gecko/20091221 Firefox/3.5.7,United States,1010101010,1010101010,68.207.122.31,1010101010,1010101010,en-US,2,1010101010,1010101010,1010101010,,
1ZNZN4YX4XN4J6Y5BS9Z,AGCZJBZ0TWM6YVS1SX10,Listening puzzle,Listen to a strange language for a few minutes -- after a while you may be able to recognize the words,"language, sound, listening, game",$0.50 ,Mon Jan 11 17:33:24 GMT 2010,3,,3600,86400,Tue Jan 12 17:33:24 GMT 2010,5,,1ZNZN4YX4XN4J6Y5BS9ZJJFZT8Y14ZQZZ9YDGT8Z,5,Approved,Mon Jan 11 17:50:48 GMT 2010,Mon Jan 11 18:06:04 GMT 2010,Tue Jan 12 18:06:04 GMT 2010,2010/01/11 19:19:07 +0000,,,916,2,Washington,1010101010,District of Columbia,1000100100,101100010,"Mozilla/5.0 (Windows; U; Windows NT 5.1; en-US) AppleWebKit/525.19 (KHTML, like Gecko) Chrome/1.0.154.65 Safari/525.19",United States,1010100100,1000100100,173.73.41.9,1010101010,10100100,en-US,2,1010101010,100100100,1010100100,,
1ZNZN4YX4XN4J6Y5BS9Z,AGCZJBZ0TWM6YVS1SX10,Listening puzzle,Listen to a strange language for a few minutes -- after a while you may be able to recognize the words,"language, sound, listening, game",$0.50 ,Mon Jan 11 17:33:24 GMT 2010,3,,3600,86400,Tue Jan 12 17:33:24 GMT 2010,5,,1ZNZN4YX4XN4J6Y5BS9ZPGW6SNY94XNZHZXX2JJ0,6,Approved,Mon Jan 11 17:48:55 GMT 2010,Mon Jan 11 17:57:43 GMT 2010,Tue Jan 12 17:57:43 GMT 2010,2010/01/11 19:19:07 +0000,,,528,2,'S-Hertogenbosch,1010101010,Noord-Brabant,1000101010,1010101010,Mozilla/5.0 (Windows; U; Windows NT 6.0; en-US; rv:1.9.1.7) Gecko/20091221 Firefox/3.5.7 (.NET CLR 3.5.30729),Netherlands,1010101000,1010101000,173.52.186.97,1000101010,1000101000,en-US,2,1000101010,1010101010,1010101010,,
CYNRWSZV9ZVZSE5GTGQZ,AGCZJBZ0TWM6YVS1SX10,Listening puzzle,Listen to a strange language for a few minutes -- after a while you may be able to recognize the words,"language, sound, listening, game",$0.50 ,Mon Jan 11 17:33:25 GMT 2010,3,,3600,86400,Tue Jan 12 17:33:25 GMT 2010,0,,CYNRWSZV9ZVZSE5GTGQZ5VXZT892J1TPXSW0BTD0,7,Approved,Mon Jan 11 18:10:19 GMT 2010,Mon Jan 11 18:17:17 GMT 2010,Tue Jan 12 18:17:17 GMT 2010,2010/01/11 19:19:07 +0000,,,418,3,Hamilton,100100100,Ohio,100100100,100100100,Mozilla/4.0 (compatible; MSIE 7.0; Windows NT 6.0; GTB6; SLCC1; .NET CLR 2.0.50727; Media Center PC 5.0; .NET CLR 3.5.30729; .NET CLR 3.0.30618),United States,100100100,100101000,74.83.114.24,100100100,101010000,undefined,3,1010101000,100100100,100100100,,
CYNRWSZV9ZVZSE5GTGQZ,AGCZJBZ0TWM6YVS1SX10,Listening puzzle,Listen to a strange language for a few minutes -- after a while you may be able to recognize the words,"language, sound, listening, game",$0.50 ,Mon Jan 11 17:33:25 GMT 2010,3,,3600,86400,Tue Jan 12 17:33:25 GMT 2010,0,,CYNRWSZV9ZVZSE5GTGQZM92ZT2YWQWQZXYXFGXZZ,8,Rejected,Mon Jan 11 18:05:17 GMT 2010,Mon Jan 11 18:59:29 GMT 2010,Tue Jan 12 18:59:29 GMT 2010,,2010/01/11 19:04:41 +0000,,3252,3,Washington,100100100,District of Columbia,100100100,100100100,"Mozilla/5.0 (Windows; U; Windows NT 5.1; en-US) AppleWebKit/525.19 (KHTML, like Gecko) Chrome/1.0.154.65 Safari/525.19",United States,100100100,100100100,173.73.41.9,100100100,100100100,en-US,3,1010100100,101001000,100100100,,
CYNRWSZV9ZVZSE5GTGQZ,AGCZJBZ0TWM6YVS1SX10,Listening puzzle,Listen to a strange language for a few minutes -- after a while you may be able to recognize the words,"language, sound, listening, game",$0.50 ,Mon Jan 11 17:33:25 GMT 2010,3,,3600,86400,Tue Jan 12 17:33:25 GMT 2010,0,,CYNRWSZV9ZVZSE5GTGQZZXAZ7WYHCH9ZWWZRWRGZ,9,Approved,Mon Jan 11 17:45:10 GMT 2010,Mon Jan 11 17:51:37 GMT 2010,Tue Jan 12 17:51:37 GMT 2010,2010/01/11 19:19:07 +0000,,,387,3,Cagayan De Oro,1010101010,Misamis Oriental,1010101010,1000101010,Mozilla/5.0 (Windows; U; Windows NT 5.1; en-US; rv:1.9.0.14) Gecko/2009082707 Firefox/3.0.14,Philippines,1010101010,1010101010,203.111.235.14,1010101010,1010101010,en-US,3,1010101010,1010101010,1010101010,,
AWDZ10S1DWP4Y105ZYE0,AGCZJBZ0TWM6YVS1SX10,Listening puzzle,Listen to a strange language for a few minutes -- after a while you may be able to recognize the words,"language, sound, listening, game",$0.50 ,Mon Jan 11 17:33:24 GMT 2010,3,,3600,86400,Tue Jan 12 17:33:24 GMT 2010,10,,AWDZ10S1DWP4Y105ZYE01YCZR3Z6CWRJVTZBBWQZ,10,Rejected,Mon Jan 11 17:51:56 GMT 2010,Mon Jan 11 18:02:11 GMT 2010,Tue Jan 12 18:02:11 GMT 2010,,2010/01/11 19:18:58 +0000,,615,4,Thrissur,NA,Kerala,NA,NA,Mozilla/5.0 (Windows; U; Windows NT 6.0; en-US; rv:1.9.1.6) Gecko/20091201 Firefox/3.5.6 (.NET CLR 3.5.30729),India,NA,NA,117.204.115.119,NA,NA,en-US,4,NA,NA,NA,,
AWDZ10S1DWP4Y105ZYE0,AGCZJBZ0TWM6YVS1SX10,Listening puzzle,Listen to a strange language for a few minutes -- after a while you may be able to recognize the words,"language, sound, listening, game",$0.50 ,Mon Jan 11 17:33:24 GMT 2010,3,,3600,86400,Tue Jan 12 17:33:24 GMT 2010,10,,AWDZ10S1DWP4Y105ZYE072SMKJY5RJA2QYSR321Z,11,Rejected,Mon Jan 11 17:45:13 GMT 2010,Mon Jan 11 17:48:56 GMT 2010,Tue Jan 12 17:48:56 GMT 2010,,2010/01/11 19:04:39 +0000,,223,4,Bangalore,0,Karnataka,0,0,Mozilla/5.0 (Windows; U; Windows NT 5.1; en-US; rv:1.9.0.17) Gecko/2009122116 (CK-IBM) Firefox/3.0.17,India,0,0,122.167.111.153,0,0,en-US,4,0,0,0,,
AWDZ10S1DWP4Y105ZYE0,AGCZJBZ0TWM6YVS1SX10,Listening puzzle,Listen to a strange language for a few minutes -- after a while you may be able to recognize the words,"language, sound, listening, game",$0.50 ,Mon Jan 11 17:33:24 GMT 2010,3,,3600,86400,Tue Jan 12 17:33:24 GMT 2010,10,,AWDZ10S1DWP4Y105ZYE0VZ6412GZW84AY5Z1YZ9Z,12,Approved,Mon Jan 11 17:50:00 GMT 2010,Mon Jan 11 17:59:56 GMT 2010,Tue Jan 12 17:59:56 GMT 2010,2010/01/11 19:19:08 +0000,,,596,4,Temecula,110101100,California,111110011,10111110101,Mozilla/5.0 (Windows; U; Windows NT 6.0; en-US; rv:1.9.1.7) Gecko/20091221 Firefox/3.5.7 (.NET CLR 3.5.30729),United States,11011110101,10110110111,74.100.54.239,10111110101,1100101010,en-US,4,100100100,10101010110,110010101,,
WB7ZTM06RZRJZZDCYZ0Z,AGCZJBZ0TWM6YVS1SX10,Listening puzzle,Listen to a strange language for a few minutes -- after a while you may be able to recognize the words,"language, sound, listening, game",$0.50 ,Mon Jan 11 17:33:24 GMT 2010,3,,3600,86400,Tue Jan 12 17:33:24 GMT 2010,13,,WB7ZTM06RZRJZZDCYZ0ZBXZY1KX17TNMVAD2WYX0,13,Rejected,Mon Jan 11 17:53:56 GMT 2010,Mon Jan 11 17:58:26 GMT 2010,Tue Jan 12 17:58:26 GMT 2010,,2010/01/11 19:04:39 +0000,,270,6,Bangalore,0,Karnataka,0,0,Mozilla/5.0 (Windows; U; Windows NT 5.1; en-US; rv:1.9.0.17) Gecko/2009122116 (CK-IBM) Firefox/3.0.17,India,0,0,122.167.111.153,0,0,en-US,6,0,0,0,,
WB7ZTM06RZRJZZDCYZ0Z,AGCZJBZ0TWM6YVS1SX10,Listening puzzle,Listen to a strange language for a few minutes -- after a while you may be able to recognize the words,"language, sound, listening, game",$0.50 ,Mon Jan 11 17:33:24 GMT 2010,3,,3600,86400,Tue Jan 12 17:33:24 GMT 2010,13,,WB7ZTM06RZRJZZDCYZ0ZQSQRQ4ZEYY84YGYE1GP0,14,Approved,Mon Jan 11 17:46:00 GMT 2010,Mon Jan 11 17:51:10 GMT 2010,Tue Jan 12 17:51:10 GMT 2010,2010/01/11 19:19:08 +0000,,,310,6,San Bernardino,101110100,California,100100110,110101010,Mozilla/5.0 (Windows; U; Windows NT 5.1; en-US; rv:1.9.0.10) Gecko/2009042316 Firefox/3.0.10,United States,101011100,1100100110,8.7.130.7,110100100,100100100,en-US,6,10110100110,10101110101,1010110101,,
WB7ZTM06RZRJZZDCYZ0Z,AGCZJBZ0TWM6YVS1SX10,Listening puzzle,Listen to a strange language for a few minutes -- after a while you may be able to recognize the words,"language, sound, listening, game",$0.50 ,Mon Jan 11 17:33:24 GMT 2010,3,,3600,86400,Tue Jan 12 17:33:24 GMT 2010,13,,WB7ZTM06RZRJZZDCYZ0ZW3HZ065BZ0YZS309QX20,15,Approved,Mon Jan 11 17:34:30 GMT 2010,Mon Jan 11 17:43:44 GMT 2010,Tue Jan 12 17:43:44 GMT 2010,2010/01/11 19:19:08 +0000,,,554,6,Baton Rouge,10100101010,Louisiana,1001010010,1010010100,"Mozilla/5.0 (Macintosh; U; Intel Mac OS X 10_5_8; en-us) AppleWebKit/531.21.8 (KHTML, like Gecko) Version/4.0.4 Safari/531.21.10",United States,1010010100,10100100100,68.11.216.226,1010100101,1101001010,en-us,6,101010101,1010101010,1010101001,,
2RNZMYCQ1XKZNFX71JG0,AGCZJBZ0TWM6YVS1SX10,Listening puzzle,Listen to a strange language for a few minutes -- after a while you may be able to recognize the words,"language, sound, listening, game",$0.50 ,Mon Jan 11 17:33:25 GMT 2010,3,,3600,86400,Tue Jan 12 17:33:25 GMT 2010,0,,2RNZMYCQ1XKZNFX71JG07YPZR2YCYWZWQSSDG9TZ,16,Approved,Mon Jan 11 17:54:51 GMT 2010,Mon Jan 11 18:09:49 GMT 2010,Tue Jan 12 18:09:49 GMT 2010,2010/01/11 19:19:08 +0000,,,898,7,Venice,10000000,Florida,10100010,100010000,Mozilla/5.0 (Windows; U; Windows NT 5.1; en-US; rv:1.9.1.7) Gecko/20091221 Firefox/3.5.7 (.NET CLR 3.5.30729),United States,100010010,10000100,71.180.227.41,100101010,10000100,en-US,7,100100100,110100110,11110010,,
2RNZMYCQ1XKZNFX71JG0,AGCZJBZ0TWM6YVS1SX10,Listening puzzle,Listen to a strange language for a few minutes -- after a while you may be able to recognize the words,"language, sound, listening, game",$0.50 ,Mon Jan 11 17:33:25 GMT 2010,3,,3600,86400,Tue Jan 12 17:33:25 GMT 2010,0,,2RNZMYCQ1XKZNFX71JG0RXNZTSYGSY8JWJZJSRG0,17,Approved,Mon Jan 11 18:01:40 GMT 2010,Mon Jan 11 18:11:10 GMT 2010,Tue Jan 12 18:11:10 GMT 2010,2010/01/11 19:19:08 +0000,,,570,7,Springfield,1010101100,Massachusetts,1010101010,1101010010,"Mozilla/5.0 (Windows; U; Windows NT 5.1; en-US) AppleWebKit/532.0 (KHTML, like Gecko) Chrome/3.0.195.38 Safari/532.0",United States,1001010010,1001001100,76.180.186.220,1101001100,1100101100,en-US,7,1101101110,10010101110,1001010010,,
2RNZMYCQ1XKZNFX71JG0,AGCZJBZ0TWM6YVS1SX10,Listening puzzle,Listen to a strange language for a few minutes -- after a while you may be able to recognize the words,"language, sound, listening, game",$0.50 ,Mon Jan 11 17:33:25 GMT 2010,3,,3600,86400,Tue Jan 12 17:33:25 GMT 2010,0,,2RNZMYCQ1XKZNFX71JG0YAHYNQZMAXHARCYWWZSZ,18,Approved,Mon Jan 11 17:40:20 GMT 2010,Mon Jan 11 17:46:19 GMT 2010,Tue Jan 12 17:46:19 GMT 2010,2010/01/11 19:19:09 +0000,,,359,7,Monticello,1010101101,Iowa,1010101010,101011010,Mozilla/4.0 (compatible; MSIE 8.0; Windows NT 6.0; Trident/4.0; GTB6.3; SLCC1; .NET CLR 2.0.50727; Media Center PC 5.0; .NET CLR 3.5.30729; .NET CLR 3.0.30618),United States,1101101010,1010100100,173.21.227.153,101101101,1101100100,undefined,7,1101101101,1100111100,1010101010,,
MVH2H75MMYSZRSZMM0C0,AGCZJBZ0TWM6YVS1SX10,Listening puzzle,Listen to a strange language for a few minutes -- after a while you may be able to recognize the words,"language, sound, listening, game",$0.50 ,Mon Jan 11 17:33:25 GMT 2010,3,,3600,86400,Tue Jan 12 17:33:25 GMT 2010,12,,MVH2H75MMYSZRSZMM0C07YPY4PZHNYVZN90JDZGZ,19,Rejected,Mon Jan 11 17:56:42 GMT 2010,Mon Jan 11 18:01:03 GMT 2010,Tue Jan 12 18:01:03 GMT 2010,,2010/01/11 19:06:03 +0000,,261,8,New York,0,New York,0,0,Mozilla/4.0 (compatible; MSIE 8.0; Windows NT 5.1; Trident/4.0; .NET CLR 1.1.4322; .NET CLR 2.0.50727; .NET CLR 3.0.4506.2152; .NET CLR 3.5.30729; customie8),United States,0,0,71.249.67.218,0,0,undefined,8,0,0,0,,
MVH2H75MMYSZRSZMM0C0,AGCZJBZ0TWM6YVS1SX10,Listening puzzle,Listen to a strange language for a few minutes -- after a while you may be able to recognize the words,"language, sound, listening, game",$0.50 ,Mon Jan 11 17:33:25 GMT 2010,3,,3600,86400,Tue Jan 12 17:33:25 GMT 2010,12,,MVH2H75MMYSZRSZMM0C0CSVZRKZP4G2GTEXT7ZB0,20,Rejected,Mon Jan 11 17:50:14 GMT 2010,Mon Jan 11 17:59:31 GMT 2010,Tue Jan 12 17:59:31 GMT 2010,,2010/01/11 19:04:37 +0000,,557,8,Schaumburg,1000010,Illinois,1001001001,1001001010,Mozilla/5.0 (Windows; U; Windows NT 6.0; en-US; rv:1.9.1.7) Gecko/20091221 Firefox/3.5.7 (.NET CLR 3.5.30729),United States,1010010101,1001001001,76.189.226.230,1010001001,1010101010,en-US,8,10101010,1001000010,100100010,,
MVH2H75MMYSZRSZMM0C0,AGCZJBZ0TWM6YVS1SX10,Listening puzzle,Listen to a strange language for a few minutes -- after a while you may be able to recognize the words,"language, sound, listening, game",$0.50 ,Mon Jan 11 17:33:25 GMT 2010,3,,3600,86400,Tue Jan 12 17:33:25 GMT 2010,12,,MVH2H75MMYSZRSZMM0C0DKHYVHZQBJJWN0G18S50,21,Rejected,Mon Jan 11 17:52:54 GMT 2010,Mon Jan 11 17:57:43 GMT 2010,Tue Jan 12 17:57:43 GMT 2010,,2010/01/11 19:04:37 +0000,,289,8,San Bernardino,11011110101,California,10101110110,11011111010,Mozilla/5.0 (Windows; U; Windows NT 5.1; en-US; rv:1.9.0.10) Gecko/2009042316 Firefox/3.0.10,United States,10111010001,10101110101,8.7.130.7,11011010101,10111111011,en-US,8,10101111010,10101110101,101011011,,
AW96STDE11NGSC9D7AQ0,AGCZJBZ0TWM6YVS1SX10,Listening puzzle,Listen to a strange language for a few minutes -- after a while you may be able to recognize the words,"language, sound, listening, game",$0.50 ,Mon Jan 11 17:33:25 GMT 2010,3,,3600,86400,Tue Jan 12 17:33:25 GMT 2010,0,,AW96STDE11NGSC9D7AQ0EB6YYFMVEJ1MRQN0WV30,22,Approved,Mon Jan 11 18:05:14 GMT 2010,Mon Jan 11 18:15:00 GMT 2010,Tue Jan 12 18:15:00 GMT 2010,2010/01/11 19:19:09 +0000,,,586,9,Bucharest,1001011000,Bucuresti,100000,1010001010,Mozilla/5.0 (Windows; U; Windows NT 5.1; en-US; rv:1.9.0.17) Gecko/2009122116 Firefox/3.0.17 (.NET CLR 3.5.30729),Romania,1001001010,1001001010,89.136.97.88,100101010,1010010,en-US,9,1010010010,1000100100,1010001010,,
AW96STDE11NGSC9D7AQ0,AGCZJBZ0TWM6YVS1SX10,Listening puzzle,Listen to a strange language for a few minutes -- after a while you may be able to recognize the words,"language, sound, listening, game",$0.50 ,Mon Jan 11 17:33:25 GMT 2010,3,,3600,86400,Tue Jan 12 17:33:25 GMT 2010,0,,AW96STDE11NGSC9D7AQ0FTGZZ4W6XWDC29ZQY1T0,23,Approved,Mon Jan 11 17:57:51 GMT 2010,Mon Jan 11 18:06:59 GMT 2010,Tue Jan 12 18:06:59 GMT 2010,2010/01/11 19:19:09 +0000,,,548,9,Budapest,1010100110,Budapest,10110110110,1010101000,Mozilla/5.0 (Windows; U; Windows NT 6.0; en-US; rv:1.9.0.17) Gecko/2009122116 Firefox/3.0.17 (.NET CLR 3.5.30729),Hungary,1010001000,1010101010,96.232.0.238,110010100,100100100,en-US,9,1100101010,1010101000,10101100,,
AW96STDE11NGSC9D7AQ0,AGCZJBZ0TWM6YVS1SX10,Listening puzzle,Listen to a strange language for a few minutes -- after a while you may be able to recognize the words,"language, sound, listening, game",$0.50 ,Mon Jan 11 17:33:25 GMT 2010,3,,3600,86400,Tue Jan 12 17:33:25 GMT 2010,0,,AW96STDE11NGSC9D7AQ0ZK2GWYZYVA9YT6ZNRBXZ,24,Approved,Mon Jan 11 18:06:53 GMT 2010,Mon Jan 11 18:17:41 GMT 2010,Tue Jan 12 18:17:41 GMT 2010,2010/01/11 19:19:09 +0000,,,648,9,Bucharest,10101000,Bucuresti,10100010,1000101000,Mozilla/5.0 (Windows; U; Windows NT 6.0; en-US; rv:1.9.1.7) Gecko/20091221 Firefox/3.5.7 (.NET CLR 3.5.30729),Romania,10101000,10101000,89.136.97.88,10101000,1001001000,en-US,9,1010001000,1010001000,10101000,,
NG2Z5B82MW9ZRQYJQRY0,AGCZJBZ0TWM6YVS1SX10,Listening puzzle,Listen to a strange language for a few minutes -- after a while you may be able to recognize the words,"language, sound, listening, game",$0.50 ,Mon Jan 11 17:33:25 GMT 2010,3,,3600,86400,Tue Jan 12 17:33:25 GMT 2010,15,,NG2Z5B82MW9ZRQYJQRY071HRTY95FX48SQZ0GY80,25,Approved,Mon Jan 11 17:36:22 GMT 2010,Mon Jan 11 17:45:06 GMT 2010,Tue Jan 12 17:45:06 GMT 2010,2010/01/11 19:19:09 +0000,,,524,10,Orlando,1110101100,Florida,1101101110,1100101110,Mozilla/4.0 (compatible; MSIE 8.0; Windows NT 5.1; Trident/4.0; .NET CLR 1.1.4322; .NET CLR 2.0.50727; .NET CLR 3.0.04506.30; .NET CLR 3.0.4506.2152; .NET CLR 3.5.30729),United States,1110101110,1110101100,68.202.111.17,1110101110,1110101101,undefined,10,1101101110,1110101101,1110101100,,
NG2Z5B82MW9ZRQYJQRY0,AGCZJBZ0TWM6YVS1SX10,Listening puzzle,Listen to a strange language for a few minutes -- after a while you may be able to recognize the words,"language, sound, listening, game",$0.50 ,Mon Jan 11 17:33:25 GMT 2010,3,,3600,86400,Tue Jan 12 17:33:25 GMT 2010,15,,NG2Z5B82MW9ZRQYJQRY0EW0ZG610BS9A01GT5XC0,26,Approved,Mon Jan 11 17:50:48 GMT 2010,Mon Jan 11 17:58:42 GMT 2010,Tue Jan 12 17:58:42 GMT 2010,2010/01/11 19:19:10 +0000,,,474,10,,100100100,,100000000,100100100,,,100010110,100100100,,100010100,100000100,,10,1100101100,100101100,100100100,,
NG2Z5B82MW9ZRQYJQRY0,AGCZJBZ0TWM6YVS1SX10,Listening puzzle,Listen to a strange language for a few minutes -- after a while you may be able to recognize the words,"language, sound, listening, game",$0.50 ,Mon Jan 11 17:33:25 GMT 2010,3,,3600,86400,Tue Jan 12 17:33:25 GMT 2010,15,,NG2Z5B82MW9ZRQYJQRY0WA0MT4YB20NZSSZ4WZAZ,27,Approved,Mon Jan 11 17:34:46 GMT 2010,Mon Jan 11 17:44:14 GMT 2010,Tue Jan 12 17:44:14 GMT 2010,2010/01/11 19:19:10 +0000,,,568,10,Croydon,1010101010,England,1010101000,1010101000,Mozilla/4.0 (compatible; MSIE 8.0; Windows NT 5.1; Trident/4.0; YPC 3.2.0; GTB6.3; .NET CLR 1.1.4322; .NET CLR 2.0.50727; .NET CLR 3.0.4506.2152; .NET CLR 3.5.30729),United Kingdom,10010101010,1010100010,86.181.86.71,1010101010,10001000,undefined,10,1011001100,1010101000,10010011000,,
5BFZMWYWQJNZX2ZXPXHZ,AGCZJBZ0TWM6YVS1SX10,Listening puzzle,Listen to a strange language for a few minutes -- after a while you may be able to recognize the words,"language, sound, listening, game",$0.50 ,Mon Jan 11 17:33:25 GMT 2010,3,,3600,86400,Tue Jan 12 17:33:25 GMT 2010,5,,5BFZMWYWQJNZX2ZXPXHZ1Y4ZYTYEGJKZ3MYNV9NZ,28,Approved,Mon Jan 11 17:55:54 GMT 2010,Mon Jan 11 18:03:48 GMT 2010,Tue Jan 12 18:03:48 GMT 2010,2010/01/11 19:19:10 +0000,,,474,11,,1010101010,,1010001010,1000101010,,,1010101010,1010101010,,1010101010,1010101010,,11,1010101010,1010101010,1010101010,,
5BFZMWYWQJNZX2ZXPXHZ,AGCZJBZ0TWM6YVS1SX10,Listening puzzle,Listen to a strange language for a few minutes -- after a while you may be able to recognize the words,"language, sound, listening, game",$0.50 ,Mon Jan 11 17:33:25 GMT 2010,3,,3600,86400,Tue Jan 12 17:33:25 GMT 2010,5,,5BFZMWYWQJNZX2ZXPXHZ8H7Y7ZC27VBZ5H4MBYWZ,29,Rejected,Mon Jan 11 18:00:46 GMT 2010,Mon Jan 11 18:04:57 GMT 2010,Tue Jan 12 18:04:57 GMT 2010,,2010/01/11 19:04:40 +0000,,251,11,Bangalore,0,Karnataka,0,0,Mozilla/5.0 (Windows; U; Windows NT 5.1; en-US; rv:1.9.0.17) Gecko/2009122116 (CK-IBM) Firefox/3.0.17,India,0,0,122.167.111.153,0,0,en-US,11,0,0,0,,
5BFZMWYWQJNZX2ZXPXHZ,AGCZJBZ0TWM6YVS1SX10,Listening puzzle,Listen to a strange language for a few minutes -- after a while you may be able to recognize the words,"language, sound, listening, game",$0.50 ,Mon Jan 11 17:33:25 GMT 2010,3,,3600,86400,Tue Jan 12 17:33:25 GMT 2010,5,,5BFZMWYWQJNZX2ZXPXHZNX0ZRMHR80ZCH19S0WC0,30,Rejected,Mon Jan 11 17:52:45 GMT 2010,Mon Jan 11 18:00:26 GMT 2010,Tue Jan 12 18:00:26 GMT 2010,,2010/01/11 19:04:39 +0000,,461,11,Washington,1010101010,District of Columbia,1010101010,1010101010,"Mozilla/5.0 (Windows; U; Windows NT 5.1; en-US) AppleWebKit/525.19 (KHTML, like Gecko) Chrome/1.0.154.65 Safari/525.19",United States,1010101010,1010101010,173.73.41.9,1010101010,1010101010,en-US,11,1010101010,1010101010,1010101010,,
RRH8YB4C2XZZX6YS1W00,AGCZJBZ0TWM6YVS1SX10,Listening puzzle,Listen to a strange language for a few minutes -- after a while you may be able to recognize the words,"language, sound, listening, game",$0.50 ,Mon Jan 11 17:33:25 GMT 2010,3,,3600,86400,Tue Jan 12 17:33:25 GMT 2010,19,,RRH8YB4C2XZZX6YS1W0000HJX8Z6100TTPY3PZK0,31,Approved,Mon Jan 11 17:33:40 GMT 2010,Mon Jan 11 17:39:46 GMT 2010,Tue Jan 12 17:39:46 GMT 2010,2010/01/11 19:19:10 +0000,,,366,12,Woodside,1011010010,New York,1010101010,1010101010,"Mozilla/5.0 (Macintosh; U; Intel Mac OS X 10_4_11; en) AppleWebKit/531.21.8 (KHTML, like Gecko) Version/4.0.4 Safari/531.21.10",United States,1010101010,1010101010,69.22.246.45,1010101010,1010101010,en,12,1010101010,1010101010,1010101010,,
RRH8YB4C2XZZX6YS1W00,AGCZJBZ0TWM6YVS1SX10,Listening puzzle,Listen to a strange language for a few minutes -- after a while you may be able to recognize the words,"language, sound, listening, game",$0.50 ,Mon Jan 11 17:33:25 GMT 2010,3,,3600,86400,Tue Jan 12 17:33:25 GMT 2010,19,,RRH8YB4C2XZZX6YS1W006JMZZKN06YJGRAYDBKJZ,32,Approved,Mon Jan 11 17:41:37 GMT 2010,Mon Jan 11 17:50:45 GMT 2010,Tue Jan 12 17:50:45 GMT 2010,2010/01/11 19:19:11 +0000,,,548,12,New Delhi,100110110,Delhi,10100000110,100100100,Mozilla/5.0 (Windows; U; Windows NT 5.1; en-GB; rv:1.9.1.7) Gecko/20091221 Firefox/3.5.7,India,110101010,100110110,59.178.195.207,110101100,100100100,en-GB,12,110101110,100100100,100100100,,
RRH8YB4C2XZZX6YS1W00,AGCZJBZ0TWM6YVS1SX10,Listening puzzle,Listen to a strange language for a few minutes -- after a while you may be able to recognize the words,"language, sound, listening, game",$0.50 ,Mon Jan 11 17:33:25 GMT 2010,3,,3600,86400,Tue Jan 12 17:33:25 GMT 2010,19,,RRH8YB4C2XZZX6YS1W007A3W6RYVNZAA6SGMSXD0,33,Rejected,Mon Jan 11 17:42:51 GMT 2010,Mon Jan 11 17:48:06 GMT 2010,Tue Jan 12 17:48:06 GMT 2010,,2010/01/11 19:04:38 +0000,,315,12,Croydon,1010101010,England,10100010,1010100010,Mozilla/4.0 (compatible; MSIE 8.0; Windows NT 5.1; Trident/4.0; YPC 3.2.0; GTB6.3; .NET CLR 1.1.4322; .NET CLR 2.0.50727; .NET CLR 3.0.4506.2152; .NET CLR 3.5.30729),United Kingdom,10101010,10101010,86.181.86.71,1000101001,10101010,undefined,12,1010101000,1010101010,10001010010,,
4AJZP5CYFZ3ZPFD6C260,AGCZJBZ0TWM6YVS1SX10,Listening puzzle,Listen to a strange language for a few minutes -- after a while you may be able to recognize the words,"language, sound, listening, game",$0.50 ,Mon Jan 11 17:33:25 GMT 2010,3,,3600,86400,Tue Jan 12 17:33:25 GMT 2010,20,,4AJZP5CYFZ3ZPFD6C2602X7ZTNYJGGPM6AZB4HM0,34,Approved,Mon Jan 11 17:44:00 GMT 2010,Mon Jan 11 17:50:16 GMT 2010,Tue Jan 12 17:50:16 GMT 2010,2010/01/11 19:19:11 +0000,,,376,13,Philadelphia,1101001010,Pennsylvania,1010101101,1001010101,Mozilla/5.0 (Windows; U; Windows NT 6.0; en-US; rv:1.9.1.2) Gecko/20090729 Firefox/3.5.2,United States,1001010101,1000101010,70.110.221.127,1101001010,101010101,en-US,13,1010101010,1101001100,1100101001,,
4AJZP5CYFZ3ZPFD6C260,AGCZJBZ0TWM6YVS1SX10,Listening puzzle,Listen to a strange language for a few minutes -- after a while you may be able to recognize the words,"language, sound, listening, game",$0.50 ,Mon Jan 11 17:33:25 GMT 2010,3,,3600,86400,Tue Jan 12 17:33:25 GMT 2010,20,,4AJZP5CYFZ3ZPFD6C260JZATWTYGMWFCG4YWYJ70,35,Approved,Mon Jan 11 17:40:26 GMT 2010,Mon Jan 11 17:51:09 GMT 2010,Tue Jan 12 17:51:09 GMT 2010,2010/01/11 19:19:11 +0000,,,643,13,Fairmont,1010010100,Minnesota,100100100,100100100,Mozilla/5.0 (Windows; U; Windows NT 6.0; en-US; rv:1.9.1.7) Gecko/20091221 Firefox/3.5.7 (.NET CLR 3.5.30729),United States,1010101010,100100100,96.2.133.135,100100100,10100010,en-US,13,1001010010,10101010100,10101010010,,
4AJZP5CYFZ3ZPFD6C260,AGCZJBZ0TWM6YVS1SX10,Listening puzzle,Listen to a strange language for a few minutes -- after a while you may be able to recognize the words,"language, sound, listening, game",$0.50 ,Mon Jan 11 17:33:25 GMT 2010,3,,3600,86400,Tue Jan 12 17:33:25 GMT 2010,20,,4AJZP5CYFZ3ZPFD6C260QWJM4ZYPNX50JA45MYTZ,36,Rejected,Mon Jan 11 17:42:45 GMT 2010,Mon Jan 11 17:50:45 GMT 2010,Tue Jan 12 17:50:45 GMT 2010,,2010/01/11 19:04:39 +0000,,480,13,Schaumburg,101010100,Illinois,100100100,100100100,Mozilla/5.0 (Windows; U; Windows NT 6.0; en-US; rv:1.9.1.7) Gecko/20091221 Firefox/3.5.7 (.NET CLR 3.5.30729),United States,1001010100,100100100,76.189.226.230,101010100,1000101000,en-US,13,101010100,101010100,101010100,,
HWFZVKGBV93477ZCPY70,AGCZJBZ0TWM6YVS1SX10,Listening puzzle,Listen to a strange language for a few minutes -- after a while you may be able to recognize the words,"language, sound, listening, game",$0.50 ,Mon Jan 11 17:33:25 GMT 2010,3,,3600,86400,Tue Jan 12 17:33:25 GMT 2010,13,,HWFZVKGBV93477ZCPY701WDZ33YA0X906VYBX3TZ,37,Approved,Mon Jan 11 17:40:08 GMT 2010,Mon Jan 11 17:51:09 GMT 2010,Tue Jan 12 17:51:09 GMT 2010,2010/01/11 19:19:11 +0000,,,661,14,Yonkers,1110110011,New York,10110100110,1100110111,Mozilla/5.0 (Windows; U; Windows NT 6.0; en-US; rv:1.9.0.17) Gecko/2009122116 Firefox/3.0.17 (.NET CLR 3.5.30729),United States,111100110,10010101011,69.120.180.38,1100101011,10101010010,en-US,14,1101101101,10010110011,110100110,,
HWFZVKGBV93477ZCPY70,AGCZJBZ0TWM6YVS1SX10,Listening puzzle,Listen to a strange language for a few minutes -- after a while you may be able to recognize the words,"language, sound, listening, game",$0.50 ,Mon Jan 11 17:33:25 GMT 2010,3,,3600,86400,Tue Jan 12 17:33:25 GMT 2010,13,,HWFZVKGBV93477ZCPY70EZMZY74R7ZHGTTZ0XBT0,38,Rejected,Mon Jan 11 17:57:25 GMT 2010,Mon Jan 11 18:01:58 GMT 2010,Tue Jan 12 18:01:58 GMT 2010,,2010/01/11 19:04:41 +0000,,273,14,San Bernardino,11011111011,California,111011001,1101111011,Mozilla/5.0 (Windows; U; Windows NT 5.1; en-US; rv:1.9.0.10) Gecko/2009042316 Firefox/3.0.10,United States,1111101111,11011111011,8.7.130.7,11101111011,11011101011,en-US,14,1111101101,11011111011,1111101111,,
HWFZVKGBV93477ZCPY70,AGCZJBZ0TWM6YVS1SX10,Listening puzzle,Listen to a strange language for a few minutes -- after a while you may be able to recognize the words,"language, sound, listening, game",$0.50 ,Mon Jan 11 17:33:25 GMT 2010,3,,3600,86400,Tue Jan 12 17:33:25 GMT 2010,13,,HWFZVKGBV93477ZCPY70VBQ4SSC1WZDW1GDV3VG0,39,Rejected,Mon Jan 11 17:48:40 GMT 2010,Mon Jan 11 17:51:56 GMT 2010,Tue Jan 12 17:51:56 GMT 2010,,2010/01/11 19:04:40 +0000,,196,14,Bangalore,0,Karnataka,0,0,Mozilla/5.0 (Windows; U; Windows NT 5.1; en-US; rv:1.9.0.17) Gecko/2009122116 (CK-IBM) Firefox/3.0.17,India,0,0,122.167.111.153,0,0,en-US,14,0,0,0,,
MW4ZSEW7QVTZT30NFWAZ,AGCZJBZ0TWM6YVS1SX10,Listening puzzle,Listen to a strange language for a few minutes -- after a while you may be able to recognize the words,"language, sound, listening, game",$0.50 ,Mon Jan 11 17:33:25 GMT 2010,3,,3600,86400,Tue Jan 12 17:33:25 GMT 2010,0,,MW4ZSEW7QVTZT30NFWAZD9HZVF1W2ZSZT1DWNSWZ,40,Rejected,Mon Jan 11 17:59:57 GMT 2010,Mon Jan 11 18:10:18 GMT 2010,Tue Jan 12 18:10:18 GMT 2010,,2010/01/11 19:04:40 +0000,,621,15,Washington,100100100,District of Columbia,10100100,100100100,"Mozilla/5.0 (Windows; U; Windows NT 5.1; en-US) AppleWebKit/525.19 (KHTML, like Gecko) Chrome/1.0.154.65 Safari/525.19",United States,100100100,100100100,173.73.41.9,100100100,100100100,en-US,15,1100100100,100100100,100100100,,
MW4ZSEW7QVTZT30NFWAZ,AGCZJBZ0TWM6YVS1SX10,Listening puzzle,Listen to a strange language for a few minutes -- after a while you may be able to recognize the words,"language, sound, listening, game",$0.50 ,Mon Jan 11 17:33:25 GMT 2010,3,,3600,86400,Tue Jan 12 17:33:25 GMT 2010,0,,MW4ZSEW7QVTZT30NFWAZNXMZVNY53SHZ2C8TRA90,41,Approved,Mon Jan 11 17:36:11 GMT 2010,Mon Jan 11 17:45:07 GMT 2010,Tue Jan 12 17:45:07 GMT 2010,2010/01/11 19:19:12 +0000,,,536,15,Saginaw,10101010,Michigan,10100010,1010100010,Mozilla/4.0 (compatible; MSIE 7.0; Windows NT 6.0; SLCC1; .NET CLR 2.0.50727; .NET CLR 3.5.21022; .NET CLR 3.0.30618; .NET CLR 3.5.30729; MDDC),United States,10100010,10000110,24.180.97.28,10101010,10101010,undefined,15,10100010,100100010,1010101010,,
MW4ZSEW7QVTZT30NFWAZ,AGCZJBZ0TWM6YVS1SX10,Listening puzzle,Listen to a strange language for a few minutes -- after a while you may be able to recognize the words,"language, sound, listening, game",$0.50 ,Mon Jan 11 17:33:25 GMT 2010,3,,3600,86400,Tue Jan 12 17:33:25 GMT 2010,0,,MW4ZSEW7QVTZT30NFWAZRXJZTJZDEKBZK8YMMXE0,42,Rejected,Mon Jan 11 17:59:59 GMT 2010,Mon Jan 11 18:04:39 GMT 2010,Tue Jan 12 18:04:39 GMT 2010,,2010/01/11 19:04:40 +0000,,280,15,Temecula,1010101010,California,1010101010,1010101010,Mozilla/5.0 (Windows; U; Windows NT 6.0; en-US; rv:1.9.1.7) Gecko/20091221 Firefox/3.5.7 (.NET CLR 3.5.30729),United States,1010101010,1010101010,74.100.54.239,1010101010,1010101010,en-US,15,1010101010,1010101010,1010101010,,
BX2ZXDZ069V4VFZFDTC0,AGCZJBZ0TWM6YVS1SX10,Listening puzzle,Listen to a strange language for a few minutes -- after a while you may be able to recognize the words,"language, sound, listening, game",$0.50 ,Mon Jan 11 17:33:25 GMT 2010,3,,3600,86400,Tue Jan 12 17:33:25 GMT 2010,17,,BX2ZXDZ069V4VFZFDTC083QZQK9ASVXZ3THAW8MZ,43,Approved,Mon Jan 11 17:43:55 GMT 2010,Mon Jan 11 17:48:55 GMT 2010,Tue Jan 12 17:48:55 GMT 2010,2010/01/11 19:19:12 +0000,,,300,16,Laurens,1010101010,South Carolina,10010010,100100100,Mozilla/5.0 (Windows; U; Windows NT 6.0; en-US; rv:1.9.0.17) Gecko/2009122116 Firefox/3.0.17 (.NET CLR 3.5.30729),United States,1010010100,1001001010,206.74.217.138,1001001000,101001010,en-US,16,1000100100,100100100,1000100100,,
BX2ZXDZ069V4VFZFDTC0,AGCZJBZ0TWM6YVS1SX10,Listening puzzle,Listen to a strange language for a few minutes -- after a while you may be able to recognize the words,"language, sound, listening, game",$0.50 ,Mon Jan 11 17:33:25 GMT 2010,3,,3600,86400,Tue Jan 12 17:33:25 GMT 2010,17,,BX2ZXDZ069V4VFZFDTC0YXAZGPZNDW5ZR4C5RSK0,44,Approved,Mon Jan 11 17:39:09 GMT 2010,Mon Jan 11 17:50:16 GMT 2010,Tue Jan 12 17:50:16 GMT 2010,2010/01/11 19:19:12 +0000,,,667,16,Philadelphia,1110101100,Pennsylvania,1101010110,1110101101,Mozilla/5.0 (Windows; U; Windows NT 6.0; en-US; rv:1.9.1.6) Gecko/20091201 Firefox/3.5.6 (.NET CLR 3.5.30729),United States,1101101101,10101010110,96.227.73.166,1110101101,1101010110,en-US,16,110101100,1110110110,10110101010,,
BX2ZXDZ069V4VFZFDTC0,AGCZJBZ0TWM6YVS1SX10,Listening puzzle,Listen to a strange language for a few minutes -- after a while you may be able to recognize the words,"language, sound, listening, game",$0.50 ,Mon Jan 11 17:33:25 GMT 2010,3,,3600,86400,Tue Jan 12 17:33:25 GMT 2010,17,,BX2ZXDZ069V4VFZFDTC0ZTXWM0H5J8ZC1BDFEY00,45,Approved,Mon Jan 11 17:34:07 GMT 2010,Mon Jan 11 17:38:09 GMT 2010,Tue Jan 12 17:38:09 GMT 2010,2010/01/11 19:19:12 +0000,,,242,16,Stony Brook,1010101010,New York,1010101010,1010101010,Mozilla/5.0 (Windows; U; Windows NT 5.1; en-US; rv:1.9.1.6) Gecko/20091201 Firefox/3.5.6 GTB6 (.NET CLR 3.5.30729),United States,1010101010,1010101010,170.20.11.118,1010101010,1010101010,en-US,16,1010101010,1010101010,1010101010,,
XA5WVHY77Y4ZWP4090H0,AGCZJBZ0TWM6YVS1SX10,Listening puzzle,Listen to a strange language for a few minutes -- after a while you may be able to recognize the words,"language, sound, listening, game",$0.50 ,Mon Jan 11 17:33:25 GMT 2010,3,,3600,86400,Tue Jan 12 17:33:25 GMT 2010,0,,XA5WVHY77Y4ZWP4090H0CXZZ54ZFEVQZSSWY4ZD0,46,Approved,Mon Jan 11 18:00:12 GMT 2010,Mon Jan 11 18:07:11 GMT 2010,Tue Jan 12 18:07:11 GMT 2010,2010/01/11 19:19:12 +0000,,,419,17,Dearborn,10101101101,Michigan,110100110,1010101100,Mozilla/5.0 (Windows; U; Windows NT 5.1; en-US; rv:1.9.1.7) Gecko/20091221 Firefox/3.5.7 (.NET CLR 3.5.30729),United States,1010101010,10101101100,98.250.38.32,11010111001,11011101010,en-US,17,1011110110,1011101010,1010101000,,
XA5WVHY77Y4ZWP4090H0,AGCZJBZ0TWM6YVS1SX10,Listening puzzle,Listen to a strange language for a few minutes -- after a while you may be able to recognize the words,"language, sound, listening, game",$0.50 ,Mon Jan 11 17:33:25 GMT 2010,3,,3600,86400,Tue Jan 12 17:33:25 GMT 2010,0,,XA5WVHY77Y4ZWP4090H0KX1T4QHZ1W3YP6ZFC2XZ,47,Approved,Mon Jan 11 17:53:44 GMT 2010,Mon Jan 11 18:00:40 GMT 2010,Tue Jan 12 18:00:40 GMT 2010,2010/01/11 19:19:13 +0000,,,416,17,Iowa City,100100100,Iowa,100100100,100101010,Mozilla/5.0 (Macintosh; U; Intel Mac OS X 10.5; en-US; rv:1.9.1.7) Gecko/20091221 Firefox/3.5.7,United States,1100100100,100101100,216.159.104.202,100100100,1100100100,en-US,17,100101010,1100101100,100100100,,
XA5WVHY77Y4ZWP4090H0,AGCZJBZ0TWM6YVS1SX10,Listening puzzle,Listen to a strange language for a few minutes -- after a while you may be able to recognize the words,"language, sound, listening, game",$0.50 ,Mon Jan 11 17:33:25 GMT 2010,3,,3600,86400,Tue Jan 12 17:33:25 GMT 2010,0,,XA5WVHY77Y4ZWP4090H0XXJZXFW4QWMRTV4D6X4Z,48,Approved,Mon Jan 11 18:00:37 GMT 2010,Mon Jan 11 18:07:34 GMT 2010,Tue Jan 12 18:07:34 GMT 2010,2010/01/11 19:19:13 +0000,,,417,17,Tarnow,1000100100,Malopolskie,1010100100,1000101000,Mozilla/5.0 (Windows; U; Windows NT 5.1; pl; rv:1.9.1.7) Gecko/20091221 Firefox/3.5.7,Poland,1000100100,1000101000,217.70.51.12,100100100,1010100100,pl,17,100101000,1000101000,1000100100,,
X3TZSZ0KX0RA6S9D7ZNZ,AGCZJBZ0TWM6YVS1SX10,Listening puzzle,Listen to a strange language for a few minutes -- after a while you may be able to recognize the words,"language, sound, listening, game",$0.50 ,Mon Jan 11 17:33:25 GMT 2010,3,,3600,86400,Tue Jan 12 17:33:25 GMT 2010,0,,X3TZSZ0KX0RA6S9D7ZNZPWYZX3HYGSKWNS5R2JCZ,49,Approved,Mon Jan 11 17:41:35 GMT 2010,Mon Jan 11 17:48:56 GMT 2010,Tue Jan 12 17:48:56 GMT 2010,2010/01/11 19:19:13 +0000,,,441,18,Atlanta,1010010010,Georgia,100101010,100100100,Mozilla/4.0 (compatible; MSIE 7.0; Windows NT 5.1; Trident/4.0; .NET CLR 2.0.50727; .NET CLR 1.1.4322; .NET CLR 3.0.4506.2152; .NET CLR 3.5.30729),United States,100100010,1010101010,74.160.1.3,100100100,1100100110,undefined,18,10111011010,110011010,110100100,,
X3TZSZ0KX0RA6S9D7ZNZ,AGCZJBZ0TWM6YVS1SX10,Listening puzzle,Listen to a strange language for a few minutes -- after a while you may be able to recognize the words,"language, sound, listening, game",$0.50 ,Mon Jan 11 17:33:25 GMT 2010,3,,3600,86400,Tue Jan 12 17:33:25 GMT 2010,0,,X3TZSZ0KX0RA6S9D7ZNZWS4AMG9CN2G8VFMF1YZ0,50,Approved,Mon Jan 11 18:00:30 GMT 2010,Mon Jan 11 18:05:15 GMT 2010,Tue Jan 12 18:05:15 GMT 2010,2010/01/11 19:19:13 +0000,,,285,18,Oslo,1010100100,Oslo,1010001010,1010010100,"Mozilla/5.0 (Windows; U; Windows NT 6.1; en-US) AppleWebKit/532.0 (KHTML, like Gecko) Chrome/3.0.195.38 Safari/532.0",Norway,100101000,110010100,88.89.163.24,1010100100,100100100,en-GB,18,110101000,110010100,110101000,,
X3TZSZ0KX0RA6S9D7ZNZ,AGCZJBZ0TWM6YVS1SX10,Listening puzzle,Listen to a strange language for a few minutes -- after a while you may be able to recognize the words,"language, sound, listening, game",$0.50 ,Mon Jan 11 17:33:25 GMT 2010,3,,3600,86400,Tue Jan 12 17:33:25 GMT 2010,0,,X3TZSZ0KX0RA6S9D7ZNZYZSZJJYSJJKZXR8EYK6Z,51,Rejected,Mon Jan 11 18:04:45 GMT 2010,Mon Jan 11 18:20:37 GMT 2010,Tue Jan 12 18:20:37 GMT 2010,,2010/01/11 19:04:38 +0000,,952,18,Bucharest,100100100,Bucuresti,100101010,1001000100,Mozilla/5.0 (Windows; U; Windows NT 5.1; en-US; rv:1.9.0.17) Gecko/2009122116 Firefox/3.0.17 (.NET CLR 3.5.30729),Romania,100101000,1010001000,89.136.97.88,100100100,1000100100,en-US,18,1010100010,100101000,100100100,,
BXER7BGS3BF2WQYSGB8Z,AGCZJBZ0TWM6YVS1SX10,Listening puzzle,Listen to a strange language for a few minutes -- after a while you may be able to recognize the words,"language, sound, listening, game",$0.50 ,Mon Jan 11 17:33:25 GMT 2010,3,,3600,86400,Tue Jan 12 17:33:25 GMT 2010,10,,BXER7BGS3BF2WQYSGB8Z2H8WQ9HJWH7ZJ9M2HZMZ,52,Approved,Mon Jan 11 17:50:57 GMT 2010,Mon Jan 11 17:59:58 GMT 2010,Tue Jan 12 17:59:58 GMT 2010,2010/01/11 19:19:13 +0000,,,541,19,Midlothian,100100100,Virginia,100100100,101000100,Mozilla/4.0 (compatible; MSIE 8.0; Windows NT 6.0; Trident/4.0; SLCC1; .NET CLR 2.0.50727; Media Center PC 5.0; .NET CLR 3.5.30729; .NET CLR 3.0.30729; Windows-Media-Player/10.00.00.3990),United States,101010100,101010010,67.44.79.110,100100100,100100100,undefined,19,101001000,101010000,101000100,,
BXER7BGS3BF2WQYSGB8Z,AGCZJBZ0TWM6YVS1SX10,Listening puzzle,Listen to a strange language for a few minutes -- after a while you may be able to recognize the words,"language, sound, listening, game",$0.50 ,Mon Jan 11 17:33:25 GMT 2010,3,,3600,86400,Tue Jan 12 17:33:25 GMT 2010,10,,BXER7BGS3BF2WQYSGB8ZF2SGVR1V6X0ZJ8GQ4XHZ,53,Rejected,Mon Jan 11 17:53:20 GMT 2010,Mon Jan 11 18:00:14 GMT 2010,Tue Jan 12 18:00:14 GMT 2010,,2010/01/11 19:04:37 +0000,,414,19,Tarnow,100100100,Malopolskie,100100100,100100100,Mozilla/5.0 (Windows; U; Windows NT 5.1; pl; rv:1.9.1.7) Gecko/20091221 Firefox/3.5.7,Poland,100100100,100100100,217.70.51.12,100100100,100100100,pl,19,100100100,100100100,100100100,,
BXER7BGS3BF2WQYSGB8Z,AGCZJBZ0TWM6YVS1SX10,Listening puzzle,Listen to a strange language for a few minutes -- after a while you may be able to recognize the words,"language, sound, listening, game",$0.50 ,Mon Jan 11 17:33:25 GMT 2010,3,,3600,86400,Tue Jan 12 17:33:25 GMT 2010,10,,BXER7BGS3BF2WQYSGB8ZXXTZKVRBD9SGZ645JZK0,54,Approved,Mon Jan 11 17:49:52 GMT 2010,Mon Jan 11 17:59:56 GMT 2010,Tue Jan 12 17:59:56 GMT 2010,2010/01/11 19:19:14 +0000,,,604,19,New Orleans,11101101100,Louisiana,10110110100,11100110110,Mozilla/4.0 (compatible; MSIE 7.0; Windows NT 5.1; GTB6; FunWebProducts; .NET CLR 1.1.4322; InfoPath.2; .NET CLR 2.0.50727; .NET CLR 3.0.4506.2152; .NET CLR 3.5.30729; 876910398903),United States,11110101100,10111100111,129.81.32.81,10111010100,1111101010,undefined,19,10101011010,11101010011,1011011100,,
N8YZT7WSBVFZTH85K2K0,AGCZJBZ0TWM6YVS1SX10,Listening puzzle,Listen to a strange language for a few minutes -- after a while you may be able to recognize the words,"language, sound, listening, game",$0.50 ,Mon Jan 11 17:33:25 GMT 2010,3,,3600,86400,Tue Jan 12 17:33:25 GMT 2010,0,,N8YZT7WSBVFZTH85K2K04A4Z4YY8HY1Z2WGKYXYZ,55,Approved,Mon Jan 11 17:38:49 GMT 2010,Mon Jan 11 17:51:09 GMT 2010,Tue Jan 12 17:51:09 GMT 2010,2010/01/11 19:19:14 +0000,,,740,20,Richmond,1101101110,Virginia,10110101010,10101010100,"Mozilla/5.0 (Windows; U; Windows NT 6.0; en-US; rv:1.9.1.7) Gecko/20091221 Firefox/3.0.4, Ant.com Toolbar 1.1 (.NET CLR 3.5.30729)",United States,10100110100,1010101101,75.75.20.191,10100101010,10100110101,en-US,20,1010010110,10110111011,10111010111,,
N8YZT7WSBVFZTH85K2K0,AGCZJBZ0TWM6YVS1SX10,Listening puzzle,Listen to a strange language for a few minutes -- after a while you may be able to recognize the words,"language, sound, listening, game",$0.50 ,Mon Jan 11 17:33:25 GMT 2010,3,,3600,86400,Tue Jan 12 17:33:25 GMT 2010,0,,N8YZT7WSBVFZTH85K2K0QYBZHTYVRZMZX4YFGS70,56,Rejected,Mon Jan 11 17:34:39 GMT 2010,Mon Jan 11 17:45:07 GMT 2010,Tue Jan 12 17:45:07 GMT 2010,,2010/01/11 19:04:40 +0000,,628,20,Bangalore,0,Karnataka,0,0,Mozilla/5.0 (Windows; U; Windows NT 5.1; en-US; rv:1.9.0.17) Gecko/2009122116 (CK-IBM) Firefox/3.0.17,India,0,0,122.167.111.153,0,0,en-US,20,0,0,0,,
N8YZT7WSBVFZTH85K2K0,AGCZJBZ0TWM6YVS1SX10,Listening puzzle,Listen to a strange language for a few minutes -- after a while you may be able to recognize the words,"language, sound, listening, game",$0.50 ,Mon Jan 11 17:33:25 GMT 2010,3,,3600,86400,Tue Jan 12 17:33:25 GMT 2010,0,,N8YZT7WSBVFZTH85K2K0THVZ5GZ1HZ5ZVKZJPWCZ,57,Rejected,Mon Jan 11 18:05:13 GMT 2010,Mon Jan 11 18:10:45 GMT 2010,Tue Jan 12 18:10:45 GMT 2010,,2010/01/11 19:04:38 +0000,,332,20,Oslo,1001011000,Oslo,1010010010,100101000,"Mozilla/5.0 (Windows; U; Windows NT 6.1; en-US) AppleWebKit/532.0 (KHTML, like Gecko) Chrome/3.0.195.38 Safari/532.0",Norway,101001000,1010010010,88.89.163.24,1010010100,1001001000,en-GB,20,1010010100,1001001000,10100100,,
HVMC60Z2PXWZ73GY9W8Z,AGCZJBZ0TWM6YVS1SX10,Listening puzzle,Listen to a strange language for a few minutes -- after a while you may be able to recognize the words,"language, sound, listening, game",$0.50 ,Mon Jan 11 17:33:25 GMT 2010,3,,3600,86400,Tue Jan 12 17:33:25 GMT 2010,3,,HVMC60Z2PXWZ73GY9W8Z3K087GS2X2BZHJXGPXK0,58,Rejected,Mon Jan 11 18:00:18 GMT 2010,Mon Jan 11 18:04:57 GMT 2010,Tue Jan 12 18:04:57 GMT 2010,,2010/01/11 19:04:41 +0000,,279,21,New Orleans,11111011110,Louisiana,10110010100,10111101010,Mozilla/4.0 (compatible; MSIE 7.0; Windows NT 5.1; GTB6; FunWebProducts; .NET CLR 1.1.4322; InfoPath.2; .NET CLR 2.0.50727; .NET CLR 3.0.4506.2152; .NET CLR 3.5.30729; 876910398903),United States,11011001100,10101110100,129.81.32.81,10011110100,11100101000,undefined,21,11110110101,10111011010,10011010010,,
HVMC60Z2PXWZ73GY9W8Z,AGCZJBZ0TWM6YVS1SX10,Listening puzzle,Listen to a strange language for a few minutes -- after a while you may be able to recognize the words,"language, sound, listening, game",$0.50 ,Mon Jan 11 17:33:25 GMT 2010,3,,3600,86400,Tue Jan 12 17:33:25 GMT 2010,3,,HVMC60Z2PXWZ73GY9W8ZARFRRNZD38ZZTN06KV80,59,Approved,Mon Jan 11 17:57:29 GMT 2010,Mon Jan 11 18:07:05 GMT 2010,Tue Jan 12 18:07:05 GMT 2010,2010/01/11 19:19:14 +0000,,,576,21,Cary,11111011100,North Carolina,101111101,111100110,Mozilla/4.0 (compatible; MSIE 8.0; Windows NT 5.1; Trident/4.0; .NET CLR 1.0.3705; .NET CLR 1.1.4322; Media Center PC 4.0; .NET CLR 2.0.50727; .NET CLR 3.0.4506.2152; .NET CLR 3.5.30729; OfficeLiveConnector.1.4; OfficeLivePatch.1.3),United States,11111101100,11111111011,70.144.178.178,11110100110,1100101111,undefined,21,1100110010,11111010101,11011111011,,
HVMC60Z2PXWZ73GY9W8Z,AGCZJBZ0TWM6YVS1SX10,Listening puzzle,Listen to a strange language for a few minutes -- after a while you may be able to recognize the words,"language, sound, listening, game",$0.50 ,Mon Jan 11 17:33:25 GMT 2010,3,,3600,86400,Tue Jan 12 17:33:25 GMT 2010,3,,HVMC60Z2PXWZ73GY9W8ZYW524BX62S1ZWNNY9XWZ,60,Approved,Mon Jan 11 17:39:02 GMT 2010,Mon Jan 11 17:48:06 GMT 2010,Tue Jan 12 17:48:06 GMT 2010,2010/01/11 19:19:14 +0000,,,544,21,Toronto,10101100,Ontario,10101010,110100110,Mozilla/4.0 (compatible; MSIE 8.0; Windows NT 6.0; WOW64; Trident/4.0; Mozilla/4.0 (compatible; MSIE 6.0; Windows NT 5.1; SV1) ; SLCC1; .NET CLR 2.0.50727; Media Center PC 5.0; OfficeLiveConnector.1.3; OfficeLivePatch.0.0; .NET CLR 3.5.30729; .NET CLR 3.0.30618),Canada,10101100,1010101010,70.53.40.209,1010101010,1000101010,undefined,21,100100100,1010101010,10100010,,
8XNTHXZJPYHPYDZ4CY6Z,AGCZJBZ0TWM6YVS1SX10,Listening puzzle,Listen to a strange language for a few minutes -- after a while you may be able to recognize the words,"language, sound, listening, game",$0.50 ,Mon Jan 11 17:33:25 GMT 2010,3,,3600,86400,Tue Jan 12 17:33:25 GMT 2010,15,,8XNTHXZJPYHPYDZ4CY6Z6X0ZQZZCRREEHZZ68YV0,61,Approved,Mon Jan 11 17:48:00 GMT 2010,Mon Jan 11 17:54:09 GMT 2010,Tue Jan 12 17:54:09 GMT 2010,2010/01/11 19:19:14 +0000,,,369,22,Grass Valley,110101010,California,101010110,10110101010,Mozilla/4.0 (compatible; MSIE 7.0; Windows NT 6.0; GTB6.3; SLCC1; .NET CLR 2.0.50727; Media Center PC 5.0; .NET CLR 3.5.30729; .NET CLR 3.0.30618),United States,1101010110,1011010110,216.119.21.8,1110110110,1001010110,undefined,22,1110101010,101010011,1101010110,,
8XNTHXZJPYHPYDZ4CY6Z,AGCZJBZ0TWM6YVS1SX10,Listening puzzle,Listen to a strange language for a few minutes -- after a while you may be able to recognize the words,"language, sound, listening, game",$0.50 ,Mon Jan 11 17:33:25 GMT 2010,3,,3600,86400,Tue Jan 12 17:33:25 GMT 2010,15,,8XNTHXZJPYHPYDZ4CY6Z7YHZRJZXHVJ8Y3Z2EXX0,62,Approved,Mon Jan 11 17:48:33 GMT 2010,Mon Jan 11 17:56:48 GMT 2010,Tue Jan 12 17:56:48 GMT 2010,2010/01/11 19:19:14 +0000,,,495,22,Brunswick,10111001100,Maine,100100111,101101000,Mozilla/5.0 (Windows; U; Windows NT 6.0; en-US; rv:1.9.0.17) Gecko/2009122116 Firefox/3.0.17 (.NET CLR 3.5.30729) FBSMTWB,United States,10100110101,1001010101,207.5.225.35,110100100,10011000100,en-US,22,10101011010,110110110,11011010010,,
8XNTHXZJPYHPYDZ4CY6Z,AGCZJBZ0TWM6YVS1SX10,Listening puzzle,Listen to a strange language for a few minutes -- after a while you may be able to recognize the words,"language, sound, listening, game",$0.50 ,Mon Jan 11 17:33:25 GMT 2010,3,,3600,86400,Tue Jan 12 17:33:25 GMT 2010,15,,8XNTHXZJPYHPYDZ4CY6ZN2ZZY2ZYGGSCSWCGG33Z,63,Approved,Mon Jan 11 17:48:29 GMT 2010,Mon Jan 11 17:55:26 GMT 2010,Tue Jan 12 17:55:26 GMT 2010,2010/01/11 19:19:15 +0000,,,417,22,Derby,10001000,England,100001000,100000100,"Mozilla/5.0 (Windows; U; Windows NT 5.1; en-US) AppleWebKit/532.5 (KHTML, like Gecko) Chrome/4.0.249.43 Safari/532.5",United Kingdom,10000010,100010000,86.10.237.107,100001000,10000100,en-US,22,10001000,10010010,10010010,,
NYZ2T3Y7KTCRZHZSFHHZ,AGCZJBZ0TWM6YVS1SX10,Listening puzzle,Listen to a strange language for a few minutes -- after a while you may be able to recognize the words,"language, sound, listening, game",$0.50 ,Mon Jan 11 17:33:26 GMT 2010,3,,3600,86400,Tue Jan 12 17:33:26 GMT 2010,0,,NYZ2T3Y7KTCRZHZSFHHZ1RQYJHZJ3YV82Y0R1HW0,64,Rejected,Mon Jan 11 18:00:36 GMT 2010,Mon Jan 11 18:08:30 GMT 2010,Tue Jan 12 18:08:30 GMT 2010,,2010/01/11 19:04:40 +0000,,474,23,Iowa City,100100100,Iowa,100100100,100100100,Mozilla/5.0 (Macintosh; U; Intel Mac OS X 10.5; en-US; rv:1.9.1.7) Gecko/20091221 Firefox/3.5.7,United States,100100100,100100100,216.159.104.202,100100100,100100100,en-US,23,100100100,100100100,100100100,,
NYZ2T3Y7KTCRZHZSFHHZ,AGCZJBZ0TWM6YVS1SX10,Listening puzzle,Listen to a strange language for a few minutes -- after a while you may be able to recognize the words,"language, sound, listening, game",$0.50 ,Mon Jan 11 17:33:26 GMT 2010,3,,3600,86400,Tue Jan 12 17:33:26 GMT 2010,0,,NYZ2T3Y7KTCRZHZSFHHZEBZEYC96YYB4YDYB7HXZ,65,Rejected,Mon Jan 11 17:51:50 GMT 2010,Mon Jan 11 17:55:27 GMT 2010,Tue Jan 12 17:55:27 GMT 2010,,2010/01/11 19:04:39 +0000,,217,23,Bangalore,0,Karnataka,0,0,Mozilla/5.0 (Windows; U; Windows NT 5.1; en-US; rv:1.9.0.17) Gecko/2009122116 (CK-IBM) Firefox/3.0.17,India,0,0,122.167.111.153,0,0,en-US,23,0,0,0,,
NYZ2T3Y7KTCRZHZSFHHZ,AGCZJBZ0TWM6YVS1SX10,Listening puzzle,Listen to a strange language for a few minutes -- after a while you may be able to recognize the words,"language, sound, listening, game",$0.50 ,Mon Jan 11 17:33:26 GMT 2010,3,,3600,86400,Tue Jan 12 17:33:26 GMT 2010,0,,NYZ2T3Y7KTCRZHZSFHHZJS54TMY4C9WGR3CE3GD0,66,Rejected,Mon Jan 11 17:52:15 GMT 2010,Mon Jan 11 17:56:47 GMT 2010,Tue Jan 12 17:56:47 GMT 2010,,2010/01/11 19:04:41 +0000,,272,23,Oslo,101001010,Oslo,100100100,1010101010,"Mozilla/5.0 (Windows; U; Windows NT 6.1; en-US) AppleWebKit/532.0 (KHTML, like Gecko) Chrome/3.0.195.38 Safari/532.0",Norway,101001000,100100100,88.89.163.24,101010100,100100100,en-GB,23,101010100,1010100100,100100100,,
QZJZWVW3GYKA60ZNRZG0,AGCZJBZ0TWM6YVS1SX10,Listening puzzle,Listen to a strange language for a few minutes -- after a while you may be able to recognize the words,"language, sound, listening, game",$0.50 ,Mon Jan 11 17:33:26 GMT 2010,3,,3600,86400,Tue Jan 12 17:33:26 GMT 2010,13,,QZJZWVW3GYKA60ZNRZG06GQZXYSN90BZTKC9A3Z0,67,Rejected,Mon Jan 11 17:47:06 GMT 2010,Mon Jan 11 17:57:16 GMT 2010,Tue Jan 12 17:57:16 GMT 2010,,2010/01/11 19:06:03 +0000,,610,24,New York,0,New York,0,0,Mozilla/4.0 (compatible; MSIE 8.0; Windows NT 5.1; Trident/4.0; .NET CLR 1.1.4322; .NET CLR 2.0.50727; .NET CLR 3.0.4506.2152; .NET CLR 3.5.30729; customie8),United States,0,0,71.249.67.218,0,0,undefined,24,0,0,0,,
QZJZWVW3GYKA60ZNRZG0,AGCZJBZ0TWM6YVS1SX10,Listening puzzle,Listen to a strange language for a few minutes -- after a while you may be able to recognize the words,"language, sound, listening, game",$0.50 ,Mon Jan 11 17:33:26 GMT 2010,3,,3600,86400,Tue Jan 12 17:33:26 GMT 2010,13,,QZJZWVW3GYKA60ZNRZG0BXXP7GZSWX2TMYYW6ZZZ,68,Rejected,Mon Jan 11 17:56:15 GMT 2010,Mon Jan 11 18:00:39 GMT 2010,Tue Jan 12 18:00:39 GMT 2010,,2010/01/11 19:04:41 +0000,,264,24,Oslo,1010010100,Oslo,1010001010,101001000,"Mozilla/5.0 (Windows; U; Windows NT 6.1; en-US) AppleWebKit/532.0 (KHTML, like Gecko) Chrome/3.0.195.38 Safari/532.0",Norway,101010100,1010101000,88.89.163.24,1001010100,1010010100,en-GB,24,1001010100,1010010100,100101000,,
QZJZWVW3GYKA60ZNRZG0,AGCZJBZ0TWM6YVS1SX10,Listening puzzle,Listen to a strange language for a few minutes -- after a while you may be able to recognize the words,"language, sound, listening, game",$0.50 ,Mon Jan 11 17:33:26 GMT 2010,3,,3600,86400,Tue Jan 12 17:33:26 GMT 2010,13,,QZJZWVW3GYKA60ZNRZG0YY0ZQH502XCPPBXSCYN0,69,Approved,Mon Jan 11 17:44:57 GMT 2010,Mon Jan 11 17:50:45 GMT 2010,Tue Jan 12 17:50:45 GMT 2010,2010/01/11 19:19:15 +0000,,,348,24,Louisville,1001001000,Kentucky,100100010,1001001000,Mozilla/4.0 (compatible; MSIE 8.0; Windows NT 6.0; WOW64; Trident/4.0; GTB6.3; SLCC1; .NET CLR 2.0.50727; Media Center PC 5.0; .NET CLR 3.5.30729; .NET CLR 3.0.30618; InfoPath.2),United States,1010101010,10010100,74.128.103.249,1010100100,1001001000,undefined,24,10001001000,10101010,1010101010,,
9H04XAYDN3EWYEWM33R0,AGCZJBZ0TWM6YVS1SX10,Listening puzzle,Listen to a strange language for a few minutes -- after a while you may be able to recognize the words,"language, sound, listening, game",$0.50 ,Mon Jan 11 17:33:26 GMT 2010,3,,3600,86400,Tue Jan 12 17:33:26 GMT 2010,19,,9H04XAYDN3EWYEWM33R05KMZ0VZ89TDZ2HYJ0V60,70,Rejected,Mon Jan 11 17:44:21 GMT 2010,Mon Jan 11 17:53:24 GMT 2010,Tue Jan 12 17:53:24 GMT 2010,,2010/01/11 19:04:38 +0000,,543,25,New Orleans,11011110010,Louisiana,10011110010,10000110110,Mozilla/4.0 (compatible; MSIE 7.0; Windows NT 5.1; GTB6; FunWebProducts; .NET CLR 1.1.4322; InfoPath.2; .NET CLR 2.0.50727; .NET CLR 3.0.4506.2152; .NET CLR 3.5.30729; 876910398903),United States,10011110011,10011111100,129.81.32.81,10011100100,10100110010,undefined,25,11010101100,1010101010,10101111010,,
9H04XAYDN3EWYEWM33R0,AGCZJBZ0TWM6YVS1SX10,Listening puzzle,Listen to a strange language for a few minutes -- after a while you may be able to recognize the words,"language, sound, listening, game",$0.50 ,Mon Jan 11 17:33:26 GMT 2010,3,,3600,86400,Tue Jan 12 17:33:26 GMT 2010,19,,9H04XAYDN3EWYEWM33R0F8DZ25ZNSG6AV49JVYGZ,71,Approved,Mon Jan 11 17:37:39 GMT 2010,Mon Jan 11 17:45:06 GMT 2010,Tue Jan 12 17:45:06 GMT 2010,2010/01/11 19:19:15 +0000,,,447,25,Pittsburgh,10010101100,Pennsylvania,10010010,10011110000,Mozilla/4.0 (compatible; MSIE 8.0; Windows NT 5.1; Trident/4.0; .NET CLR 2.0.50727; Zune 3.0; .NET CLR 3.0.4506.2152; .NET CLR 3.5.30729),United States,10010010,10011100110,72.65.220.136,10110100,100100010,undefined,25,10011111000,10011111000,10000000,,
9H04XAYDN3EWYEWM33R0,AGCZJBZ0TWM6YVS1SX10,Listening puzzle,Listen to a strange language for a few minutes -- after a while you may be able to recognize the words,"language, sound, listening, game",$0.50 ,Mon Jan 11 17:33:26 GMT 2010,3,,3600,86400,Tue Jan 12 17:33:26 GMT 2010,19,,9H04XAYDN3EWYEWM33R0YGW6SGYFWYWZT6SZ7RE0,72,Approved,Mon Jan 11 17:36:43 GMT 2010,Mon Jan 11 17:46:26 GMT 2010,Tue Jan 12 17:46:26 GMT 2010,2010/01/11 19:19:15 +0000,,,583,25,Saint Louis,10011101001,Missouri,10011101010,10010110110,Mozilla/5.0 (Windows; U; Windows NT 6.1; en-US; rv:1.9.1.7) Gecko/20091221 Firefox/3.5.7,United States,1001110010,10011010110,97.85.151.59,10001110110,1010011010,en-US,25,1001110110,10011011010,1010110010,,
X30EZRS8FWBZ6KZRSX7Z,AGCZJBZ0TWM6YVS1SX10,Listening puzzle,Listen to a strange language for a few minutes -- after a while you may be able to recognize the words,"language, sound, listening, game",$0.50 ,Mon Jan 11 17:33:26 GMT 2010,3,,3600,86400,Tue Jan 12 17:33:26 GMT 2010,4,,X30EZRS8FWBZ6KZRSX7Z1X8841H51VFJHVRZ33Y0,73,Rejected,Mon Jan 11 17:53:35 GMT 2010,Mon Jan 11 18:05:14 GMT 2010,Tue Jan 12 18:05:14 GMT 2010,,2010/01/11 19:04:38 +0000,,699,26,Venice,1100101100,Florida,1100101100,100100100,Mozilla/5.0 (Windows; U; Windows NT 5.1; en-US; rv:1.9.1.7) Gecko/20091221 Firefox/3.5.7 (.NET CLR 3.5.30729),United States,1100101100,1100101100,71.180.227.41,100100100,1101100100,en-US,26,1010110110,1101001100,10110101000,,
X30EZRS8FWBZ6KZRSX7Z,AGCZJBZ0TWM6YVS1SX10,Listening puzzle,Listen to a strange language for a few minutes -- after a while you may be able to recognize the words,"language, sound, listening, game",$0.50 ,Mon Jan 11 17:33:26 GMT 2010,3,,3600,86400,Tue Jan 12 17:33:26 GMT 2010,4,,X30EZRS8FWBZ6KZRSX7ZE33Z04ZXZZ2ZXH4GRB30,74,Approved,Mon Jan 11 17:46:07 GMT 2010,Mon Jan 11 17:54:08 GMT 2010,Tue Jan 12 17:54:08 GMT 2010,2010/01/11 19:19:15 +0000,,,481,26,Evanston,1110101101,Illinois,1101101101,1001010101,"Mozilla/5.0 (Windows; U; Windows NT 5.1; en-US; rv:1.9.1.7) Gecko/20091221 Ant.com Toolbar 1.5 Firefox/3.0.12, Ant.com Toolbar 1.3 (.NET CLR 3.5.30729)",United States,1101111101,1100101101,98.220.233.0,1010101001,1101101010,en-US,26,1010101010,1101101101,1010101101,,
X30EZRS8FWBZ6KZRSX7Z,AGCZJBZ0TWM6YVS1SX10,Listening puzzle,Listen to a strange language for a few minutes -- after a while you may be able to recognize the words,"language, sound, listening, game",$0.50 ,Mon Jan 11 17:33:26 GMT 2010,3,,3600,86400,Tue Jan 12 17:33:26 GMT 2010,4,,X30EZRS8FWBZ6KZRSX7ZY1KZMKZ0D31CX8XT6YH0,75,Rejected,Mon Jan 11 17:44:47 GMT 2010,Mon Jan 11 17:52:50 GMT 2010,Tue Jan 12 17:52:50 GMT 2010,,2010/01/11 19:04:39 +0000,,483,26,Oslo,1010101100,Oslo,1001001100,1010101010,"Mozilla/5.0 (Windows; U; Windows NT 6.1; en-US) AppleWebKit/532.0 (KHTML, like Gecko) Chrome/3.0.195.38 Safari/532.0",Norway,1000100100,1010001100,88.89.163.24,1011001010,1001001010,en-GB,26,1010101010,1010101010,1010101100,,
HSEJR1ZYXSXZ7J8FDYXZ,AGCZJBZ0TWM6YVS1SX10,Listening puzzle,Listen to a strange language for a few minutes -- after a while you may be able to recognize the words,"language, sound, listening, game",$0.50 ,Mon Jan 11 17:33:26 GMT 2010,3,,3600,86400,Tue Jan 12 17:33:26 GMT 2010,0,,HSEJR1ZYXSXZ7J8FDYXZ9K4Z0YCA5SMZ11Y5MKDZ,76,Approved,Mon Jan 11 17:36:33 GMT 2010,Mon Jan 11 17:46:26 GMT 2010,Tue Jan 12 17:46:26 GMT 2010,2010/01/11 19:19:16 +0000,,,593,27,Coimbatore,1010101010,Tamil Nadu,1010101010,1010101010,Mozilla/5.0 (Windows; U; Windows NT 5.1; en-US; rv:1.9.1.7) Gecko/20091221 Firefox/3.5.7,India,1010101010,1010101010,122.174.80.243,1010101010,1010101010,en-US,27,1010101010,1010101010,1011101010,,
HSEJR1ZYXSXZ7J8FDYXZ,AGCZJBZ0TWM6YVS1SX10,Listening puzzle,Listen to a strange language for a few minutes -- after a while you may be able to recognize the words,"language, sound, listening, game",$0.50 ,Mon Jan 11 17:33:26 GMT 2010,3,,3600,86400,Tue Jan 12 17:33:26 GMT 2010,0,,HSEJR1ZYXSXZ7J8FDYXZQ816HKZD1SBTYCDPD0Q0,77,Approved,Mon Jan 11 17:35:08 GMT 2010,Mon Jan 11 17:44:14 GMT 2010,Tue Jan 12 17:44:14 GMT 2010,2010/01/11 19:19:16 +0000,,,546,27,San Diego,1010101010,California,1010010100,1010101010,Mozilla/5.0 (Windows; U; Windows NT 5.1; en-US; rv:1.9.1.7) Gecko/20091221 Firefox/3.5.7 GTBDFff GTB7.0,United States,10101010,1010101010,99.13.56.187,1010101010,1010101010,en-US,27,1010101010,1010011010,1011010010,,
HSEJR1ZYXSXZ7J8FDYXZ,AGCZJBZ0TWM6YVS1SX10,Listening puzzle,Listen to a strange language for a few minutes -- after a while you may be able to recognize the words,"language, sound, listening, game",$0.50 ,Mon Jan 11 17:33:26 GMT 2010,3,,3600,86400,Tue Jan 12 17:33:26 GMT 2010,0,,HSEJR1ZYXSXZ7J8FDYXZQB5ZXV04Y30Z0KCM20K0,78,Rejected,Mon Jan 11 18:39:36 GMT 2010,Mon Jan 11 18:41:02 GMT 2010,Tue Jan 12 18:41:02 GMT 2010,,2010/01/11 19:06:50 +0000,,86,27,Memphis,NA,Tennessee,NA,NA,"Mozilla/5.0 (Windows; U; Windows NT 5.1; en-US) AppleWebKit/532.0 (KHTML, like Gecko) Chrome/3.0.195.38 Safari/532.0",United States,NA,NA,75.64.170.57,NA,NA,en-US,27,NA,NA,NA,,
TYQEKV1E522J3YZ580HZ,AGCZJBZ0TWM6YVS1SX10,Listening puzzle,Listen to a strange language for a few minutes -- after a while you may be able to recognize the words,"language, sound, listening, game",$0.50 ,Mon Jan 11 17:33:26 GMT 2010,3,,3600,86400,Tue Jan 12 17:33:26 GMT 2010,0,,TYQEKV1E522J3YZ580HZ0BGZWSZJHZD449C453DZ,79,Rejected,Mon Jan 11 18:09:39 GMT 2010,Mon Jan 11 18:16:18 GMT 2010,Tue Jan 12 18:16:18 GMT 2010,,2010/01/11 19:04:40 +0000,,399,28,Oslo,100100100,Oslo,100100100,100100000,"Mozilla/5.0 (Windows; U; Windows NT 6.1; en-US) AppleWebKit/532.0 (KHTML, like Gecko) Chrome/3.0.195.38 Safari/532.0",Norway,1001010000,100100000,88.89.163.24,100100100,1010010000,en-GB,28,101000100,101001000,1001010000,,
TYQEKV1E522J3YZ580HZ,AGCZJBZ0TWM6YVS1SX10,Listening puzzle,Listen to a strange language for a few minutes -- after a while you may be able to recognize the words,"language, sound, listening, game",$0.50 ,Mon Jan 11 17:33:26 GMT 2010,3,,3600,86400,Tue Jan 12 17:33:26 GMT 2010,0,,TYQEKV1E522J3YZ580HZDA2AT691GYJ62SSMN2E0,80,Rejected,Mon Jan 11 18:04:26 GMT 2010,Mon Jan 11 18:10:46 GMT 2010,Tue Jan 12 18:10:46 GMT 2010,,2010/01/11 19:04:39 +0000,,380,28,Temecula,100101010,California,1010100110,1000101000,Mozilla/5.0 (Windows; U; Windows NT 6.0; en-US; rv:1.9.1.7) Gecko/20091221 Firefox/3.5.7 (.NET CLR 3.5.30729),United States,1000101000,100101000,74.100.54.239,100100100,1010101101,en-US,28,100100100,1010101010,1010100100,,
TYQEKV1E522J3YZ580HZ,AGCZJBZ0TWM6YVS1SX10,Listening puzzle,Listen to a strange language for a few minutes -- after a while you may be able to recognize the words,"language, sound, listening, game",$0.50 ,Mon Jan 11 17:33:26 GMT 2010,3,,3600,86400,Tue Jan 12 17:33:26 GMT 2010,0,,TYQEKV1E522J3YZ580HZEW32NAHTGJT0VVC2PYCZ,81,Rejected,Mon Jan 11 18:01:06 GMT 2010,Mon Jan 11 18:47:28 GMT 2010,Tue Jan 12 18:47:28 GMT 2010,,2010/01/11 19:04:38 +0000,,2782,28,Washington,100100100,District of Columbia,100100100,100100100,"Mozilla/5.0 (Windows; U; Windows NT 5.1; en-US) AppleWebKit/525.19 (KHTML, like Gecko) Chrome/1.0.154.65 Safari/525.19",United States,100100100,100100100,173.73.41.9,100100100,100100100,en-US,28,100100100,100100100,100100100,,
BJ2YTWYB8YSZRS9D8330,AGCZJBZ0TWM6YVS1SX10,Listening puzzle,Listen to a strange language for a few minutes -- after a while you may be able to recognize the words,"language, sound, listening, game",$0.50 ,Mon Jan 11 17:33:26 GMT 2010,3,,3600,86400,Tue Jan 12 17:33:26 GMT 2010,20,,BJ2YTWYB8YSZRS9D8330BYWAM89Z2X3ZM5WGH1Q0,82,Rejected,Mon Jan 11 17:41:24 GMT 2010,Mon Jan 11 17:53:41 GMT 2010,Tue Jan 12 17:53:41 GMT 2010,,2010/01/11 19:04:41 +0000,,737,29,Venice,111000010,Florida,0,1010101010,Mozilla/5.0 (Windows; U; Windows NT 5.1; en-US; rv:1.9.1.7) Gecko/20091221 Firefox/3.5.7 (.NET CLR 3.5.30729),United States,11101010,101010010,71.180.227.41,110100101,1000101010,en-US,29,10100110,10111111111,0,,
BJ2YTWYB8YSZRS9D8330,AGCZJBZ0TWM6YVS1SX10,Listening puzzle,Listen to a strange language for a few minutes -- after a while you may be able to recognize the words,"language, sound, listening, game",$0.50 ,Mon Jan 11 17:33:26 GMT 2010,3,,3600,86400,Tue Jan 12 17:33:26 GMT 2010,20,,BJ2YTWYB8YSZRS9D8330JXJAK9YYWZ8GYKZRVR40,83,Approved,Mon Jan 11 17:41:02 GMT 2010,Mon Jan 11 17:50:45 GMT 2010,Tue Jan 12 17:50:45 GMT 2010,2010/01/11 19:19:16 +0000,,,583,29,Austin,1010101010,Texas,1010101010,1010101010,Mozilla/5.0 (Windows; U; Windows NT 6.0; en-US; rv:1.9.1.7) Gecko/20091221 Firefox/3.5.7 (.NET CLR 3.5.30729),United States,1010101010,1010101010,74.193.66.228,1010101010,1010101010,en-US,29,1001010011,1001001010,1010101010,,
BJ2YTWYB8YSZRS9D8330,AGCZJBZ0TWM6YVS1SX10,Listening puzzle,Listen to a strange language for a few minutes -- after a while you may be able to recognize the words,"language, sound, listening, game",$0.50 ,Mon Jan 11 17:33:26 GMT 2010,3,,3600,86400,Tue Jan 12 17:33:26 GMT 2010,20,,BJ2YTWYB8YSZRS9D8330NWSER3WWPRQZWR0APZNZ,84,Rejected,Mon Jan 11 17:34:26 GMT 2010,Mon Jan 11 17:45:06 GMT 2010,Tue Jan 12 17:45:06 GMT 2010,,2010/01/11 19:04:40 +0000,,640,29,Oslo,1010101110,Oslo,1010101010,1110101110,"Mozilla/5.0 (Windows; U; Windows NT 6.1; en-US) AppleWebKit/532.0 (KHTML, like Gecko) Chrome/3.0.195.38 Safari/532.0",Norway,110011110,10101010,88.89.163.24,110100110,101101110,en-GB,29,11100110,11100111,1110101010,,
GSRZR5ZPDTTZM6ZFCXRZ,AGCZJBZ0TWM6YVS1SX10,Listening puzzle,Listen to a strange language for a few minutes -- after a while you may be able to recognize the words,"language, sound, listening, game",$0.50 ,Mon Jan 11 17:33:26 GMT 2010,3,,3600,86400,Tue Jan 12 17:33:26 GMT 2010,10,,GSRZR5ZPDTTZM6ZFCXRZPZQT1XZQXZQZZAZX10E0,85,Rejected,Mon Jan 11 17:52:28 GMT 2010,Mon Jan 11 18:00:23 GMT 2010,Tue Jan 12 18:00:23 GMT 2010,,2010/01/11 19:04:40 +0000,,475,30,Dearborn,110101010,Michigan,1100100100,110100101,Mozilla/5.0 (Windows; U; Windows NT 5.1; en-US; rv:1.9.1.7) Gecko/20091221 Firefox/3.5.7 (.NET CLR 3.5.30729),United States,10111011100,1100101101,98.250.38.32,110100100,110100100,en-US,30,1101100110,1101101100,110101100,,
GSRZR5ZPDTTZM6ZFCXRZ,AGCZJBZ0TWM6YVS1SX10,Listening puzzle,Listen to a strange language for a few minutes -- after a while you may be able to recognize the words,"language, sound, listening, game",$0.50 ,Mon Jan 11 17:33:26 GMT 2010,3,,3600,86400,Tue Jan 12 17:33:26 GMT 2010,10,,GSRZR5ZPDTTZM6ZFCXRZQZWMNQ5V5TZZVNZK3WXZ,86,Rejected,Mon Jan 11 17:38:38 GMT 2010,Mon Jan 11 17:46:19 GMT 2010,Tue Jan 12 17:46:19 GMT 2010,,2010/01/11 19:04:41 +0000,,461,30,San Bernardino,110110101,California,100110110,10101110110,Mozilla/5.0 (Windows; U; Windows NT 5.1; en-US; rv:1.9.0.10) Gecko/2009042316 Firefox/3.0.10,United States,10101100110,110010100,8.7.130.7,10100110110,10101110101,en-US,30,110110101,10101010110,10101110101,,
GSRZR5ZPDTTZM6ZFCXRZ,AGCZJBZ0TWM6YVS1SX10,Listening puzzle,Listen to a strange language for a few minutes -- after a while you may be able to recognize the words,"language, sound, listening, game",$0.50 ,Mon Jan 11 17:33:26 GMT 2010,3,,3600,86400,Tue Jan 12 17:33:26 GMT 2010,10,,GSRZR5ZPDTTZM6ZFCXRZT3MCMWYT1W9Z6RZK6XKZ,87,Approved,Mon Jan 11 17:39:31 GMT 2010,Mon Jan 11 17:54:38 GMT 2010,Tue Jan 12 17:54:38 GMT 2010,2010/01/11 19:19:16 +0000,,,907,30,Keene,1010110010,New Hampshire,0,10010110010,Mozilla/5.0 (Macintosh; U; Intel Mac OS X 10.5; en-US; rv:1.9.1.7) Gecko/20091221 Firefox/3.5.7,United States,10011011010,11010110101,72.71.235.196,10101110110,11111111111,en-US,30,1010110010,0,0,,